{
  "lunchTrackerData": [
    {
      "date": "Wed Oct 30 2024 03:27:15 GMT+0800 (中国标准时间)",
      "lunch": "11"
    },
    {
      "date": "Wed Oct 30 2024 03:27:23 GMT+0800 (中国标准时间)",
      "": "12"
    },
    {
      "date": "Wed Oct 30 2024 03:51:29 GMT+0800 (中国标准时间)",
      "lunch": "2000"
    },
    {
      "date": "Wed Oct 30 2024 03:52:00 GMT+0800 (中国标准时间)",
      "lunch": "pizza"
    },
    {
      "date": "Wed Oct 30 2024 03:55:19 GMT+0800 (中国标准时间)",
      "lunch": "1111"
    },
    {
      "date": "Wed Oct 30 2024 04:11:08 GMT+0800 (中国标准时间)",
      "lunch": "1111111"
    },
    {
      "date": "Wed Oct 30 2024 04:13:22 GMT+0800 (中国标准时间)",
      "lunch": "pizza"
    }
  ]
}